EmployeeID,Age,Gender,Department,JobLevel,Education,Location,YearsAtCompany,MonthlySalary,EngagementScore,WorkLifeBalance,ManagerRating,TrainingHours,PromotionLast2Years,AttritionRisk
1,50,Male,Finance,Junior,Master,Bangalore,12,38770,7,1,4,74,1,High
2,36,Male,Sales,Senior,Bachelor,Delhi,5,41093,10,1,3,15,0,High
3,29,Female,Engineering,Lead,Master,Chennai,11,161265,4,5,5,17,1,Medium
4,42,Other,HR,Mid,PhD,Bangalore,8,130311,10,3,4,58,1,High
5,40,Male,Product,Junior,PhD,Delhi,12,47569,8,2,2,15,0,Medium
6,44,Female,Marketing,Junior,Master,Hyderabad,3,41190,9,3,4,5,0,Low
7,32,Female,Engineering,Senior,MBA,Delhi,7,92824,7,5,1,56,0,High
8,32,Other,Sales,Mid,Master,Chennai,10,72070,5,2,4,46,0,Low
9,45,Male,HR,Senior,PhD,Delhi,3,70197,8,3,5,47,0,High
10,45,Other,Customer Support,Mid,Master,Pune,1,32261,4,2,5,41,0,High
11,24,Male,Sales,Mid,MBA,Chennai,9,167788,2,1,4,75,1,High
12,43,Female,Product,Mid,Master,Hyderabad,10,116795,6,3,5,59,0,Medium
13,23,Female,Sales,Junior,MBA,Pune,8,58933,9,2,2,76,1,Low
14,45,Female,HR,Lead,MBA,Delhi,4,165450,1,2,4,3,0,High
15,51,Female,Sales,Senior,Master,Chennai,3,70583,10,2,2,1,1,Medium
16,23,Other,HR,Lead,Master,Hyderabad,1,142082,7,3,2,58,1,High
17,42,Male,Engineering,Senior,Bachelor,Pune,0,115371,10,4,3,26,1,Medium
18,54,Male,HR,Mid,PhD,Hyderabad,10,141032,9,3,4,26,0,High
19,33,Other,HR,Junior,MBA,Delhi,6,72604,10,5,5,78,0,Low
20,43,Male,Marketing,Lead,Bachelor,Hyderabad,5,125074,9,3,2,71,0,Low
21,46,Female,HR,Junior,Master,Bangalore,14,103869,10,2,3,6,0,High
22,48,Male,HR,Senior,PhD,Pune,14,35410,3,1,4,62,1,Medium
23,49,Female,Customer Support,Junior,Bachelor,Hyderabad,1,113375,5,3,4,45,0,High
24,37,Other,Engineering,Junior,MBA,Delhi,7,126055,8,3,1,62,1,Medium
25,36,Male,Product,Lead,Bachelor,Delhi,10,167868,8,2,1,11,1,High
26,24,Other,Marketing,Mid,MBA,Hyderabad,3,116716,4,1,2,12,0,Medium
27,28,Male,Customer Support,Junior,Master,Delhi,7,84245,1,1,1,42,0,Low
28,42,Female,Finance,Mid,PhD,Chennai,14,73056,1,5,2,16,0,High
29,30,Other,Engineering,Senior,PhD,Chennai,6,178781,4,3,5,62,1,Low
30,39,Male,Engineering,Junior,PhD,Chennai,4,88557,6,1,2,35,0,Low
31,25,Female,Finance,Lead,Master,Bangalore,9,47543,8,1,1,7,1,High
32,46,Other,Product,Senior,MBA,Hyderabad,9,126038,6,4,5,68,0,High
33,35,Other,HR,Senior,Master,Bangalore,11,177796,9,4,1,79,1,Medium
34,30,Male,Customer Support,Lead,PhD,Delhi,7,33828,9,1,2,35,0,Medium
35,47,Male,Sales,Junior,Master,Bangalore,13,146656,2,5,3,27,0,Low
36,23,Male,Marketing,Junior,Master,Delhi,8,47087,10,1,4,46,1,Medium
37,41,Female,Sales,Senior,Master,Delhi,4,173677,1,2,1,75,0,Medium
38,49,Male,Finance,Junior,MBA,Pune,9,61337,2,3,2,29,0,High
39,28,Other,Engineering,Mid,Bachelor,Chennai,4,166554,5,5,5,22,0,Medium
40,29,Other,Product,Lead,Bachelor,Delhi,1,95333,4,2,1,15,0,Low
41,35,Male,Engineering,Mid,Master,Pune,4,166535,4,5,1,13,0,Medium
42,38,Male,Marketing,Junior,Bachelor,Chennai,2,100448,9,2,4,73,0,Low
43,25,Other,Engineering,Senior,Bachelor,Delhi,6,34648,8,3,2,70,0,High
44,23,Female,Engineering,Lead,Master,Delhi,9,160576,6,3,3,51,1,Low
45,27,Male,Marketing,Junior,Master,Bangalore,4,63623,1,4,5,36,1,Medium
46,25,Male,Customer Support,Junior,PhD,Bangalore,7,65634,2,2,2,28,0,High
47,50,Other,Customer Support,Senior,Bachelor,Chennai,0,144598,6,4,5,66,0,Medium
48,39,Male,Marketing,Senior,MBA,Delhi,2,79334,2,2,1,14,0,High
49,47,Female,Product,Mid,Master,Hyderabad,2,98648,10,4,4,46,1,High
50,31,Other,Finance,Lead,PhD,Bangalore,8,52054,5,3,4,45,1,Medium
51,35,Male,Engineering,Lead,MBA,Chennai,4,100028,5,5,3,51,0,Medium
52,52,Other,Product,Senior,Bachelor,Delhi,11,52207,6,4,4,18,1,High
53,36,Male,Engineering,Mid,PhD,Delhi,8,111554,6,2,1,76,0,High
54,29,Male,Finance,Lead,Master,Hyderabad,12,113276,6,2,3,20,0,Medium
55,35,Male,Customer Support,Senior,MBA,Chennai,8,82781,2,3,2,63,0,Low
56,44,Female,Product,Junior,Master,Delhi,0,91035,10,2,4,36,0,Medium
57,42,Female,HR,Lead,Bachelor,Bangalore,1,38210,3,1,3,26,1,High
58,37,Other,HR,Mid,MBA,Hyderabad,4,74363,6,5,1,54,1,Medium
59,39,Male,HR,Mid,Bachelor,Chennai,3,108279,8,4,5,28,0,Low
60,45,Male,Customer Support,Mid,Bachelor,Hyderabad,14,164393,1,5,5,19,1,Medium
61,47,Female,Customer Support,Junior,PhD,Bangalore,9,111348,1,3,1,24,1,High
62,46,Male,Finance,Lead,Master,Chennai,8,143816,2,4,1,69,0,Medium
63,50,Female,Engineering,Lead,MBA,Hyderabad,6,153053,6,4,5,62,1,High
64,36,Male,Finance,Junior,Bachelor,Pune,5,96262,9,1,3,35,0,High
65,22,Other,Finance,Lead,Bachelor,Bangalore,6,164832,4,3,5,1,0,Medium
66,46,Male,Customer Support,Junior,MBA,Bangalore,0,97411,3,2,1,21,0,High
67,28,Male,HR,Junior,Bachelor,Bangalore,0,53377,8,1,4,15,0,High
68,30,Female,Sales,Junior,PhD,Pune,7,68211,10,1,2,17,1,Low
69,45,Male,Engineering,Mid,PhD,Pune,12,33744,9,5,4,68,0,Low
70,22,Male,Customer Support,Lead,PhD,Delhi,12,54995,5,5,4,53,1,Low
71,29,Female,HR,Junior,PhD,Hyderabad,1,178049,9,5,1,29,0,Low
72,45,Other,Product,Lead,Bachelor,Delhi,11,64542,2,1,5,44,0,High
73,32,Other,Sales,Mid,MBA,Hyderabad,9,40651,3,2,3,18,1,Medium
74,38,Female,Sales,Junior,MBA,Pune,10,129239,7,4,4,33,0,High
75,29,Female,Customer Support,Senior,MBA,Pune,8,108931,7,5,5,12,1,High
76,54,Female,Marketing,Mid,MBA,Delhi,6,132112,6,2,3,42,1,High
77,26,Female,Engineering,Senior,Master,Chennai,5,46715,6,3,4,61,0,Medium
78,49,Female,Sales,Lead,MBA,Delhi,0,175448,2,5,3,21,0,Low
79,28,Other,Customer Support,Lead,Master,Hyderabad,0,91350,10,4,5,51,0,High
80,30,Other,Customer Support,Mid,Master,Delhi,1,101425,6,3,2,51,0,High
81,29,Female,HR,Lead,PhD,Bangalore,5,116120,4,3,5,35,0,Low
82,33,Male,Product,Senior,Master,Hyderabad,13,144889,3,4,1,72,0,High
83,54,Female,Marketing,Junior,Bachelor,Hyderabad,5,171130,2,5,3,18,1,Medium
84,44,Male,Engineering,Junior,Master,Chennai,1,104637,1,1,2,37,1,High
85,45,Female,Finance,Junior,PhD,Pune,0,100194,5,4,3,69,0,High
86,43,Female,Product,Mid,Master,Hyderabad,9,106917,2,4,3,78,1,Low
87,48,Other,Product,Lead,Bachelor,Pune,4,94200,2,4,4,56,1,High
88,22,Male,HR,Senior,Bachelor,Delhi,4,135848,7,3,1,19,0,High
89,35,Male,Sales,Lead,Bachelor,Bangalore,1,136022,8,2,3,8,0,Medium
90,24,Other,Sales,Lead,PhD,Chennai,5,178226,10,1,5,31,1,Low
91,22,Other,HR,Lead,PhD,Pune,8,90058,8,5,5,3,0,Low
92,26,Other,Customer Support,Junior,MBA,Hyderabad,1,92068,4,5,4,49,1,Medium
93,47,Other,Sales,Senior,PhD,Pune,9,129932,1,2,1,4,0,High
94,35,Male,Marketing,Senior,Bachelor,Hyderabad,1,167103,7,4,1,19,1,Low
95,48,Male,Engineering,Lead,Bachelor,Pune,2,52785,1,1,5,74,1,Low
96,30,Female,Product,Junior,PhD,Hyderabad,12,124475,4,5,2,36,1,High
97,36,Female,Product,Junior,Master,Delhi,6,32282,8,5,4,21,1,High
98,36,Other,Marketing,Senior,PhD,Hyderabad,5,97534,2,4,4,57,0,Low
99,47,Other,Sales,Junior,PhD,Hyderabad,11,104964,6,2,5,67,0,High
100,34,Other,Product,Junior,Bachelor,Bangalore,7,149006,6,1,5,43,1,Low
101,53,Female,Finance,Junior,MBA,Hyderabad,14,80583,9,2,2,33,1,High
102,53,Female,Engineering,Mid,Bachelor,Bangalore,7,68392,5,2,2,76,0,High
103,25,Female,Engineering,Lead,MBA,Chennai,5,37461,10,1,1,41,0,Medium
104,51,Female,Product,Senior,Bachelor,Bangalore,11,130123,4,1,4,8,1,High
105,44,Female,HR,Senior,PhD,Delhi,10,40516,5,5,4,6,1,Medium
106,36,Female,Product,Mid,Bachelor,Bangalore,9,178586,10,5,5,67,1,High
107,50,Female,HR,Lead,Bachelor,Chennai,2,151251,5,1,1,18,1,Low
108,34,Other,Product,Senior,Bachelor,Delhi,2,92493,8,3,4,30,1,Low
109,53,Other,Finance,Junior,PhD,Pune,14,66027,10,5,1,34,0,High
110,28,Other,Customer Support,Senior,PhD,Pune,0,123547,8,3,1,56,1,High
111,43,Other,Engineering,Junior,PhD,Bangalore,6,130127,2,1,5,60,0,Low
112,49,Female,Product,Mid,PhD,Bangalore,4,178930,7,5,1,30,0,High
113,23,Male,Finance,Junior,MBA,Chennai,3,109003,8,2,2,52,0,Medium
114,27,Female,HR,Senior,MBA,Chennai,9,69758,6,1,2,31,1,Medium
115,49,Male,HR,Senior,Master,Hyderabad,14,84312,5,4,3,65,0,Medium
116,49,Other,Engineering,Senior,PhD,Chennai,3,98670,9,3,5,58,0,Medium
117,41,Female,Marketing,Mid,MBA,Hyderabad,13,112279,3,1,3,9,0,Medium
118,51,Other,Product,Mid,Bachelor,Delhi,3,45434,10,1,2,1,0,High
119,32,Female,Sales,Lead,PhD,Bangalore,5,105769,4,5,3,65,1,High
120,49,Other,HR,Senior,Master,Delhi,14,96677,9,5,5,59,1,Medium
121,46,Male,Customer Support,Junior,Master,Chennai,7,113555,6,5,5,16,0,High
122,54,Male,Customer Support,Mid,Master,Delhi,7,158379,8,4,1,15,0,High
123,22,Male,HR,Senior,Bachelor,Delhi,4,131665,7,5,4,15,1,Medium
124,48,Female,Marketing,Senior,MBA,Delhi,14,98803,2,1,1,45,1,High
125,34,Male,Marketing,Mid,Bachelor,Chennai,5,121703,3,5,5,38,1,High
126,24,Female,Finance,Lead,PhD,Delhi,3,51312,1,2,2,30,0,High
127,27,Male,Customer Support,Mid,Master,Hyderabad,11,147961,9,5,2,0,1,Medium
128,29,Male,Finance,Mid,Bachelor,Chennai,13,70379,7,4,1,10,0,High
129,48,Female,Customer Support,Junior,Bachelor,Delhi,10,47297,1,2,5,3,0,Low
130,30,Female,Product,Junior,MBA,Chennai,12,32011,3,1,2,70,1,Low
131,54,Male,Product,Lead,MBA,Pune,8,150234,4,1,5,25,0,Medium
132,45,Female,Sales,Senior,Master,Hyderabad,7,74014,4,3,2,49,1,Low
133,36,Male,Product,Mid,Bachelor,Delhi,9,172810,5,2,5,11,0,Medium
134,53,Female,Sales,Lead,Bachelor,Pune,11,124333,3,3,3,74,1,Low
135,53,Other,Product,Junior,MBA,Pune,9,41120,3,2,5,64,0,Low
136,45,Other,Engineering,Mid,Bachelor,Chennai,0,169839,1,2,5,46,0,Low
137,33,Other,Product,Senior,Bachelor,Pune,14,52852,7,4,1,52,1,Medium
138,23,Other,Finance,Junior,Bachelor,Hyderabad,1,109239,10,3,3,70,1,Medium
139,24,Other,HR,Junior,MBA,Hyderabad,8,162001,1,4,4,1,1,High
140,38,Male,Finance,Junior,Master,Bangalore,7,121575,2,2,1,23,1,Medium
141,23,Other,HR,Lead,PhD,Hyderabad,13,125040,4,1,4,3,0,Low
142,23,Other,Marketing,Senior,Master,Pune,2,178510,4,2,2,18,1,Low
143,49,Other,Finance,Mid,PhD,Hyderabad,7,35744,5,4,4,25,1,Medium
144,44,Other,Marketing,Lead,Bachelor,Chennai,11,168141,2,3,5,74,0,Medium
145,53,Female,Sales,Lead,Master,Bangalore,0,72359,4,3,4,39,1,Medium
146,54,Male,Sales,Lead,PhD,Pune,9,128746,1,4,1,49,1,High
147,22,Other,Engineering,Junior,MBA,Bangalore,3,150906,2,3,1,42,0,Low
148,40,Other,Product,Senior,MBA,Pune,2,37597,1,5,4,74,1,High
149,23,Other,Finance,Lead,Master,Chennai,5,77093,10,1,1,66,1,High
150,47,Male,Marketing,Mid,Master,Bangalore,6,144650,10,1,1,11,1,Low
151,53,Female,HR,Senior,Bachelor,Delhi,3,179765,4,1,4,66,1,Low
152,27,Male,Sales,Mid,Master,Pune,6,150956,4,3,3,26,1,Medium
153,53,Female,Product,Senior,Bachelor,Delhi,8,145598,7,3,3,53,1,Medium
154,25,Other,Sales,Mid,Bachelor,Bangalore,10,163241,10,2,2,65,0,High
155,32,Other,HR,Junior,MBA,Delhi,1,38036,9,2,1,48,1,Medium
156,38,Male,Product,Lead,MBA,Delhi,10,61778,9,1,4,15,0,Medium
157,45,Male,Product,Mid,PhD,Bangalore,2,167416,5,5,1,1,0,Low
158,26,Female,Marketing,Senior,MBA,Chennai,4,48800,10,2,5,59,0,Low
159,27,Female,Marketing,Lead,MBA,Delhi,2,55372,1,2,1,53,0,Medium
160,43,Male,Finance,Lead,Master,Delhi,10,91516,1,3,1,29,1,Low
161,32,Female,Finance,Senior,MBA,Chennai,7,50538,6,5,3,37,1,Medium
162,37,Male,Customer Support,Mid,PhD,Delhi,11,93918,2,1,4,27,1,Low
163,54,Female,Customer Support,Junior,Master,Delhi,9,176045,8,2,1,24,0,Low
164,30,Male,Engineering,Junior,PhD,Delhi,7,101155,9,5,3,9,1,Low
165,27,Male,Sales,Mid,MBA,Hyderabad,7,89500,4,5,2,59,1,Low
166,37,Male,Finance,Lead,PhD,Chennai,11,140659,5,1,3,41,1,Medium
167,50,Female,Marketing,Lead,Master,Delhi,11,57716,8,5,3,39,0,High
168,24,Female,HR,Lead,Bachelor,Chennai,8,164308,3,5,3,76,0,Low
169,41,Female,Marketing,Lead,PhD,Pune,3,176920,5,5,1,41,1,Medium
170,40,Male,Sales,Mid,PhD,Pune,4,32352,3,2,1,46,0,Medium
171,47,Female,Customer Support,Lead,Master,Delhi,4,163004,10,1,2,36,0,Low
172,24,Female,Marketing,Senior,Master,Chennai,7,106449,3,5,5,79,1,High
173,40,Male,Engineering,Lead,PhD,Chennai,6,38556,3,5,5,21,0,Low
174,41,Other,Sales,Junior,MBA,Chennai,8,116836,7,2,5,56,0,Medium
175,53,Male,Customer Support,Lead,PhD,Hyderabad,14,166570,7,1,2,26,1,High
176,28,Female,HR,Mid,Master,Pune,14,80098,7,3,5,40,0,Medium
177,54,Male,Customer Support,Junior,Bachelor,Chennai,13,142169,10,2,5,79,0,Low
178,39,Other,Product,Mid,Bachelor,Chennai,7,170641,8,1,3,33,0,High
179,22,Male,Engineering,Mid,MBA,Hyderabad,1,156060,5,5,1,31,0,Medium
180,32,Female,Sales,Junior,PhD,Hyderabad,9,160544,5,1,1,65,0,Medium
181,49,Other,HR,Mid,Bachelor,Chennai,11,30340,4,1,3,11,0,Medium
182,46,Female,Engineering,Mid,PhD,Bangalore,3,112302,7,1,3,39,0,Low
183,44,Other,Customer Support,Lead,Master,Chennai,5,30138,10,3,3,72,0,High
184,52,Other,Engineering,Senior,Bachelor,Chennai,11,161430,4,1,1,75,1,Low
185,51,Male,Sales,Mid,MBA,Hyderabad,1,149619,2,3,5,72,1,Low
186,28,Male,Finance,Mid,Master,Hyderabad,6,115376,4,5,3,9,1,Low
187,37,Female,Engineering,Mid,MBA,Chennai,2,129931,8,3,2,47,1,High
188,47,Male,Product,Lead,Master,Chennai,12,111532,9,5,3,19,0,Low
189,23,Male,Engineering,Senior,Bachelor,Chennai,2,85778,3,5,4,38,1,Low
190,22,Other,Customer Support,Junior,MBA,Hyderabad,10,67772,7,3,3,59,1,Low
191,33,Male,Customer Support,Lead,MBA,Chennai,1,88478,9,2,1,65,0,Low
192,26,Other,HR,Lead,Master,Chennai,10,56762,4,4,3,64,0,Medium
193,53,Other,Customer Support,Senior,MBA,Delhi,7,174355,10,1,4,50,0,Low
194,30,Other,Marketing,Senior,Master,Bangalore,5,85568,3,4,2,35,0,Medium
195,40,Female,Sales,Lead,Master,Pune,0,115090,5,1,5,23,0,Low
196,37,Female,Sales,Junior,Master,Bangalore,11,50219,1,1,3,26,1,High
197,24,Female,Finance,Lead,Master,Delhi,0,87169,3,5,4,1,0,Medium
198,41,Other,Finance,Senior,Bachelor,Pune,6,104965,8,1,4,30,1,Medium
199,45,Female,Sales,Junior,Master,Chennai,7,114754,8,1,2,56,1,Medium
200,54,Female,Product,Senior,PhD,Delhi,4,107988,4,3,1,77,0,Medium
201,45,Male,Finance,Junior,MBA,Chennai,11,162379,2,4,3,65,1,High
202,32,Female,HR,Mid,PhD,Hyderabad,10,110388,8,3,4,28,1,Low
203,29,Female,Customer Support,Senior,Bachelor,Delhi,4,120768,8,1,2,14,0,Medium
204,41,Other,Sales,Senior,PhD,Hyderabad,3,65428,10,5,5,11,1,High
205,46,Other,Finance,Lead,MBA,Delhi,13,122021,4,3,4,27,1,Medium
206,46,Other,Sales,Senior,PhD,Delhi,5,148418,3,3,2,23,1,Low
207,50,Other,Marketing,Senior,Bachelor,Hyderabad,13,162212,2,2,1,20,0,Medium
208,39,Other,Engineering,Mid,Master,Pune,5,56421,9,1,1,9,0,High
209,39,Other,Customer Support,Senior,PhD,Bangalore,2,31708,1,5,4,77,0,Low
210,23,Female,Sales,Mid,Bachelor,Chennai,8,164702,7,3,4,17,1,High
211,37,Other,Engineering,Mid,Bachelor,Delhi,11,106021,5,3,3,13,0,Low
212,54,Other,Finance,Mid,MBA,Chennai,10,74789,8,5,2,33,1,Low
213,25,Male,Engineering,Mid,MBA,Hyderabad,13,56086,4,1,4,57,0,Low
214,54,Female,Customer Support,Junior,PhD,Chennai,6,46859,7,2,3,75,1,Medium
215,35,Female,Sales,Lead,Master,Hyderabad,0,37684,5,3,3,21,0,High
216,42,Female,Marketing,Junior,Bachelor,Chennai,14,121088,5,2,4,69,0,High
217,41,Other,Product,Senior,PhD,Bangalore,12,162279,9,4,1,35,1,High
218,29,Other,Finance,Junior,Bachelor,Bangalore,6,76099,9,1,2,44,0,Low
219,28,Other,Sales,Junior,Bachelor,Bangalore,4,96093,9,4,2,35,1,Medium
220,24,Male,Customer Support,Senior,Master,Bangalore,4,78651,6,4,1,21,0,Low
221,38,Other,Finance,Senior,Master,Bangalore,13,43893,6,4,4,77,0,High
222,54,Male,HR,Senior,PhD,Bangalore,12,96418,5,1,2,79,1,Medium
223,33,Female,Engineering,Junior,Master,Hyderabad,1,155074,9,1,4,60,1,Medium
224,43,Other,Product,Junior,Master,Delhi,3,133065,10,5,4,55,1,Medium
225,43,Male,Customer Support,Senior,PhD,Chennai,11,160351,8,2,3,32,0,High
226,51,Male,HR,Lead,Master,Bangalore,5,68635,7,2,1,44,1,Medium
227,29,Other,Sales,Lead,MBA,Hyderabad,9,125071,7,5,4,35,0,Medium
228,48,Female,Marketing,Mid,Bachelor,Hyderabad,14,108518,6,5,5,19,1,Low
229,48,Female,Finance,Senior,Bachelor,Hyderabad,10,136233,5,4,1,17,1,Low
230,42,Female,Engineering,Mid,Bachelor,Delhi,6,133651,4,5,2,37,1,Medium
231,51,Male,Finance,Lead,Bachelor,Chennai,10,102805,3,3,3,66,1,Medium
232,54,Male,Product,Mid,PhD,Delhi,4,152813,3,2,2,22,1,Low
233,49,Male,Sales,Senior,Bachelor,Pune,8,109063,6,5,2,15,1,Low
234,54,Male,Finance,Senior,Bachelor,Hyderabad,2,32454,4,3,1,58,0,Low
235,26,Female,Engineering,Senior,Bachelor,Pune,0,50878,6,3,2,68,1,High
236,40,Other,Sales,Junior,Bachelor,Bangalore,3,174063,3,3,4,67,0,High
237,25,Male,Finance,Mid,MBA,Bangalore,8,98344,4,3,2,20,1,Low
238,38,Male,Marketing,Lead,Bachelor,Delhi,3,134946,9,4,3,77,1,Medium
239,49,Female,Customer Support,Lead,MBA,Chennai,1,66593,5,3,3,77,1,Low
240,51,Other,Sales,Lead,PhD,Pune,9,66304,7,4,5,69,0,High
241,50,Other,Customer Support,Junior,Master,Chennai,13,143613,10,4,3,11,0,Medium
242,27,Female,Sales,Junior,Bachelor,Delhi,13,48354,2,3,2,15,1,High
243,45,Female,Marketing,Senior,Master,Bangalore,4,52190,5,2,3,13,0,Medium
244,50,Other,Customer Support,Lead,Master,Chennai,2,36142,9,3,1,60,1,High
245,52,Male,HR,Junior,PhD,Chennai,12,71862,3,3,3,70,1,Medium
246,54,Other,Engineering,Senior,Master,Bangalore,11,155438,9,3,4,45,0,Medium
247,42,Female,HR,Lead,MBA,Pune,12,78456,6,2,1,31,0,Medium
248,53,Male,Finance,Mid,Master,Bangalore,8,130167,4,1,5,14,0,Medium
249,44,Male,Marketing,Senior,Master,Chennai,3,112035,7,1,4,43,0,High
250,54,Female,HR,Junior,Master,Pune,5,38016,8,4,2,16,1,High
251,24,Female,Sales,Junior,Bachelor,Pune,1,32384,6,4,2,40,0,Medium
252,39,Female,Finance,Senior,Bachelor,Bangalore,5,176144,5,2,2,53,0,Medium
253,46,Other,Finance,Senior,MBA,Chennai,2,132239,6,5,4,43,1,High
254,52,Other,HR,Junior,MBA,Delhi,11,141431,5,1,4,4,0,Medium
255,24,Male,HR,Mid,Bachelor,Chennai,11,110018,8,4,4,26,0,Medium
256,45,Female,Marketing,Lead,MBA,Hyderabad,8,70510,1,1,1,77,0,Medium
257,53,Male,Engineering,Mid,Bachelor,Delhi,10,51826,7,2,1,78,0,Low
258,43,Male,HR,Senior,PhD,Pune,1,98026,10,2,2,42,1,Medium
259,44,Male,Product,Mid,Master,Delhi,14,151668,10,5,3,30,1,Low
260,23,Male,HR,Junior,Master,Pune,11,54045,2,5,2,16,0,Medium
261,48,Female,Customer Support,Senior,MBA,Pune,11,120102,9,2,5,53,0,High
262,23,Male,Sales,Lead,Bachelor,Delhi,8,81919,1,4,1,61,1,Low
263,47,Female,Product,Junior,Bachelor,Pune,4,129441,10,1,4,31,0,Low
264,38,Female,Product,Junior,MBA,Pune,7,166917,6,3,1,39,0,Medium
265,54,Other,Customer Support,Lead,Bachelor,Hyderabad,1,148325,9,5,4,12,0,Medium
266,30,Female,Customer Support,Lead,PhD,Chennai,5,49337,1,3,5,34,0,Low
267,50,Other,Finance,Mid,Master,Chennai,2,107949,4,4,5,4,0,High
268,47,Female,Engineering,Senior,MBA,Hyderabad,11,30276,4,5,1,72,0,High
269,46,Female,Sales,Lead,MBA,Delhi,11,81151,9,3,4,28,0,Medium
270,45,Female,Marketing,Lead,Bachelor,Bangalore,13,178683,5,4,5,69,0,High
271,34,Other,Product,Senior,MBA,Bangalore,9,173016,5,1,2,24,0,High
272,28,Other,Marketing,Lead,PhD,Bangalore,4,82887,6,4,2,21,1,Medium
273,41,Male,HR,Lead,Bachelor,Hyderabad,11,111442,1,5,4,65,1,High
274,22,Other,HR,Mid,Bachelor,Hyderabad,7,79847,1,2,1,44,1,Medium
275,29,Other,Marketing,Junior,Bachelor,Pune,9,88653,9,1,5,68,0,Low
276,37,Other,HR,Junior,Bachelor,Bangalore,13,86622,3,3,1,71,0,Medium
277,35,Other,Engineering,Junior,PhD,Delhi,0,57810,4,5,2,0,1,Low
278,33,Male,Customer Support,Junior,Bachelor,Delhi,4,107842,1,2,5,43,0,Low
279,44,Other,HR,Lead,MBA,Bangalore,2,152225,9,4,1,74,1,High
280,36,Female,Finance,Senior,PhD,Bangalore,3,40503,8,2,3,38,0,High
281,49,Female,HR,Senior,Master,Bangalore,1,114761,2,5,4,53,1,High
282,23,Other,Sales,Mid,Master,Hyderabad,8,156439,8,5,4,74,1,Medium
283,53,Other,Engineering,Mid,MBA,Hyderabad,2,41590,7,2,3,28,1,High
284,44,Female,Sales,Lead,MBA,Hyderabad,14,171958,6,4,2,53,0,Low
285,43,Female,Sales,Senior,PhD,Chennai,1,173938,1,2,5,15,1,High
286,46,Male,Finance,Senior,Master,Delhi,9,96624,7,5,4,19,0,High
287,43,Female,Engineering,Junior,Master,Delhi,10,170836,10,5,3,45,0,Medium
288,43,Female,Engineering,Lead,Master,Pune,8,150356,7,3,3,66,0,Medium
289,27,Other,Engineering,Lead,Master,Hyderabad,6,72727,9,3,2,64,0,Low
290,36,Female,Engineering,Junior,Master,Chennai,5,108471,1,1,2,57,0,Medium
291,54,Male,Engineering,Lead,Bachelor,Chennai,0,38068,2,5,1,52,0,High
292,29,Female,Finance,Lead,MBA,Delhi,4,146923,9,3,4,0,0,Medium
293,26,Other,HR,Mid,Bachelor,Hyderabad,11,168367,9,2,1,65,1,Low
294,25,Other,Sales,Senior,Master,Pune,10,41390,6,4,3,28,1,High
295,27,Female,Engineering,Lead,PhD,Hyderabad,13,136752,6,2,5,69,1,Low
296,53,Other,Product,Mid,PhD,Bangalore,14,124754,4,4,5,7,0,Medium
297,51,Male,HR,Senior,Master,Hyderabad,10,105969,4,3,2,28,0,Medium
298,37,Male,HR,Junior,Master,Bangalore,2,176110,5,1,5,50,0,Low
299,34,Female,Sales,Mid,PhD,Bangalore,0,107064,3,2,5,32,0,High
300,51,Female,Finance,Mid,Bachelor,Pune,3,51281,1,2,5,2,1,Medium
301,40,Female,Marketing,Senior,Bachelor,Delhi,12,84189,1,2,3,59,0,Medium
302,38,Other,Marketing,Junior,Master,Hyderabad,1,78511,7,4,5,34,1,High
303,40,Male,HR,Mid,Bachelor,Bangalore,1,152115,1,3,5,68,0,Medium
304,49,Male,Customer Support,Lead,PhD,Hyderabad,2,38605,1,2,5,75,1,Low
305,47,Other,Customer Support,Lead,Bachelor,Delhi,7,130318,3,2,1,19,0,Medium
306,47,Male,Sales,Lead,Master,Delhi,7,162453,10,1,3,72,1,Medium
307,44,Female,Marketing,Junior,PhD,Chennai,11,49810,4,1,2,38,0,High
308,30,Female,HR,Mid,Bachelor,Delhi,14,71869,4,3,1,3,1,Low
309,33,Female,Finance,Lead,MBA,Pune,6,62955,2,3,4,18,0,High
310,22,Male,Marketing,Junior,PhD,Bangalore,5,91388,1,5,3,44,1,Medium
311,22,Female,HR,Lead,PhD,Chennai,8,40207,3,1,3,42,1,Medium
312,53,Other,HR,Senior,MBA,Pune,3,52031,4,5,4,12,0,High
313,46,Other,Engineering,Mid,MBA,Hyderabad,11,110807,3,4,4,12,1,High
314,22,Male,Finance,Mid,PhD,Bangalore,0,101312,8,5,4,59,0,High
315,37,Other,Engineering,Junior,MBA,Delhi,7,89766,10,2,2,56,0,Low
316,26,Other,Sales,Junior,Master,Bangalore,6,173521,1,5,5,51,0,Medium
317,43,Male,Engineering,Mid,Master,Hyderabad,6,119833,2,3,3,52,1,High
318,50,Female,Product,Lead,Master,Chennai,14,141041,7,4,5,42,1,Medium
319,24,Female,Engineering,Lead,PhD,Chennai,2,146185,4,2,5,71,0,Low
320,33,Female,Product,Senior,MBA,Chennai,3,40350,8,5,4,71,0,Low
321,47,Male,Marketing,Lead,MBA,Delhi,9,130859,3,4,2,41,1,Low
322,37,Other,Customer Support,Junior,Bachelor,Pune,8,98487,6,4,1,25,1,Low
323,43,Female,HR,Junior,Bachelor,Pune,14,178694,9,2,2,22,1,Medium
324,50,Female,Product,Lead,MBA,Bangalore,5,153853,1,5,5,42,0,Low
325,35,Male,Finance,Junior,MBA,Delhi,14,83117,1,4,2,76,0,Low
326,49,Female,Engineering,Mid,MBA,Chennai,14,131084,8,4,4,27,0,High
327,26,Male,Product,Mid,PhD,Chennai,4,53782,3,1,1,8,0,Low
328,51,Other,Finance,Lead,MBA,Hyderabad,2,58454,5,4,4,19,0,High
329,26,Male,Customer Support,Mid,Bachelor,Hyderabad,8,97904,1,1,1,55,1,Low
330,33,Male,Customer Support,Mid,PhD,Chennai,4,159936,5,5,5,38,0,Low
331,37,Male,Engineering,Senior,MBA,Chennai,4,176664,6,5,1,50,1,High
332,47,Male,Sales,Senior,Bachelor,Delhi,13,152258,8,5,1,11,1,Low
333,47,Other,Engineering,Mid,PhD,Pune,3,141668,3,3,1,78,0,Medium
334,42,Other,Marketing,Lead,MBA,Hyderabad,13,154184,3,5,2,54,1,Medium
335,54,Female,Product,Senior,MBA,Pune,3,46566,10,4,2,77,0,Low
336,51,Other,HR,Junior,MBA,Delhi,11,168262,9,2,5,10,1,Medium
337,44,Other,Sales,Junior,PhD,Chennai,0,68333,4,1,1,25,0,High
338,31,Female,Engineering,Junior,Bachelor,Pune,6,151929,4,3,3,41,0,Low
339,26,Other,Finance,Lead,Bachelor,Chennai,8,119571,7,5,5,26,1,Low
340,52,Male,Sales,Mid,Master,Chennai,2,150263,2,5,1,10,0,High
341,31,Male,Product,Junior,MBA,Bangalore,11,162661,8,2,1,37,1,High
342,40,Female,Sales,Lead,Master,Pune,12,55235,6,2,2,42,0,High
343,53,Female,Product,Senior,Master,Pune,14,30159,3,3,5,18,0,Low
344,22,Female,Engineering,Mid,Bachelor,Chennai,1,173217,9,1,1,63,0,High
345,26,Male,Product,Senior,PhD,Delhi,2,134859,5,5,1,5,1,High
346,25,Other,Sales,Lead,PhD,Bangalore,0,177309,8,3,5,45,1,Medium
347,37,Male,Finance,Junior,Bachelor,Chennai,5,137507,7,4,3,41,0,Medium
348,45,Female,Customer Support,Junior,PhD,Hyderabad,10,169316,8,4,5,64,1,Low
349,37,Other,Sales,Lead,Master,Hyderabad,10,44743,7,3,5,71,0,Medium
350,23,Other,Product,Junior,MBA,Bangalore,6,76101,3,5,3,58,1,Medium
351,49,Male,Customer Support,Mid,Bachelor,Delhi,10,151534,2,3,5,51,1,High
352,53,Female,Product,Lead,MBA,Chennai,10,114227,7,5,1,46,0,High
353,48,Male,Finance,Senior,PhD,Pune,1,101126,3,2,5,6,0,Medium
354,41,Other,Product,Lead,MBA,Bangalore,7,86071,3,3,3,10,0,Medium
355,45,Male,Engineering,Mid,PhD,Delhi,13,104763,2,5,4,60,0,Medium
356,33,Male,HR,Mid,PhD,Pune,5,173309,4,3,5,67,0,Low
357,54,Female,Sales,Lead,Master,Hyderabad,13,176721,8,3,2,24,1,Low
358,54,Female,HR,Lead,PhD,Hyderabad,3,76154,1,5,1,11,1,Low
359,33,Other,Product,Junior,Master,Pune,4,37016,1,5,1,25,0,Medium
360,24,Male,Finance,Mid,Master,Bangalore,7,119678,5,1,2,11,0,Medium
361,22,Male,Sales,Lead,Master,Hyderabad,13,142056,5,3,2,42,0,Low
362,54,Male,Product,Lead,Bachelor,Chennai,2,84238,1,4,5,50,1,Low
363,31,Other,Customer Support,Mid,Bachelor,Pune,2,88608,6,3,2,36,0,Medium
364,50,Other,Marketing,Lead,PhD,Pune,13,119081,1,3,4,45,0,High
365,34,Female,Product,Junior,Master,Hyderabad,14,80961,5,5,3,52,1,Low
366,33,Female,HR,Mid,Bachelor,Bangalore,13,56917,9,3,2,79,1,Medium
367,52,Female,Sales,Junior,Master,Chennai,10,57990,5,3,2,12,1,Medium
368,23,Male,HR,Junior,MBA,Bangalore,3,92551,6,4,4,53,1,High
369,44,Male,Sales,Junior,MBA,Delhi,0,110811,8,5,1,56,0,Medium
370,38,Female,Product,Junior,MBA,Delhi,8,85103,1,3,1,3,1,Medium
371,47,Male,Engineering,Mid,PhD,Hyderabad,7,136122,2,2,5,74,1,Low
372,29,Female,Customer Support,Junior,Master,Hyderabad,7,49008,9,1,4,48,0,Low
373,50,Other,Product,Junior,MBA,Hyderabad,13,62402,3,4,3,6,0,High
374,47,Female,HR,Lead,Bachelor,Delhi,9,166865,6,3,3,10,0,High
375,31,Other,Marketing,Mid,MBA,Bangalore,5,166643,5,2,4,53,1,Medium
376,47,Male,Marketing,Mid,MBA,Bangalore,6,177281,2,3,3,44,0,Low
377,28,Female,Finance,Senior,MBA,Hyderabad,5,143550,7,3,1,22,1,High
378,25,Male,Sales,Mid,PhD,Chennai,8,121218,4,5,3,27,1,High
379,32,Other,HR,Mid,Bachelor,Bangalore,2,163296,1,5,3,56,1,High
380,50,Other,Finance,Senior,Master,Delhi,13,150779,4,5,4,25,0,Medium
381,46,Other,HR,Mid,Bachelor,Pune,2,159714,6,2,4,24,1,Low
382,42,Male,Sales,Mid,Master,Pune,2,62441,7,3,3,53,0,High
383,31,Male,Product,Mid,PhD,Pune,9,92368,7,1,2,28,0,Low
384,30,Male,Product,Mid,PhD,Chennai,2,122122,7,4,4,35,0,High
385,45,Male,Marketing,Senior,PhD,Hyderabad,8,74760,3,5,5,13,1,High
386,39,Other,Product,Mid,PhD,Delhi,11,53478,6,5,5,77,1,Low
387,53,Other,Product,Mid,Master,Chennai,3,157881,8,3,1,34,1,Low
388,45,Female,Engineering,Senior,MBA,Delhi,12,101854,4,3,3,29,0,Low
389,44,Female,Marketing,Lead,Master,Delhi,6,124230,8,2,2,16,1,Medium
390,53,Male,Finance,Junior,Bachelor,Hyderabad,13,115716,2,2,1,66,1,High
391,33,Other,Customer Support,Lead,PhD,Pune,14,173252,10,5,3,79,1,Medium
392,34,Other,Engineering,Senior,PhD,Hyderabad,8,128538,9,3,4,29,1,Low
393,44,Other,Finance,Junior,Bachelor,Chennai,10,45372,9,1,5,44,1,High
394,46,Female,Sales,Senior,Master,Chennai,11,59796,8,4,2,78,0,Medium
395,51,Female,Engineering,Senior,MBA,Chennai,6,128826,10,3,5,50,0,High
396,38,Other,Finance,Mid,MBA,Hyderabad,8,150592,10,3,4,46,0,Medium
397,41,Other,Sales,Junior,Bachelor,Delhi,11,123635,1,2,3,52,0,Low
398,46,Other,Marketing,Mid,MBA,Delhi,2,141022,2,4,4,63,1,Medium
399,43,Female,Customer Support,Junior,Master,Bangalore,14,84040,6,5,4,37,0,High
400,34,Other,Sales,Senior,Master,Chennai,3,105357,10,3,5,63,1,High
401,40,Other,Product,Senior,Bachelor,Delhi,13,108356,5,5,2,6,0,High
402,33,Male,HR,Lead,Master,Bangalore,7,46211,9,3,4,21,0,High
403,40,Male,Sales,Junior,PhD,Delhi,5,135426,5,5,5,40,0,Low
404,33,Female,Sales,Mid,Bachelor,Chennai,4,35842,2,4,2,73,1,Medium
405,30,Other,Customer Support,Lead,Master,Pune,12,96852,10,2,3,9,1,Low
406,28,Other,HR,Lead,Bachelor,Chennai,3,155737,4,4,3,56,0,Low
407,49,Male,Product,Lead,MBA,Hyderabad,7,75968,9,1,1,6,1,Low
408,35,Female,Finance,Mid,Master,Delhi,0,47508,1,2,5,49,0,High
409,52,Male,Finance,Lead,PhD,Delhi,13,84575,1,4,2,51,0,High
410,40,Male,Sales,Mid,Master,Hyderabad,8,96914,7,1,4,32,0,High
411,37,Male,HR,Lead,Bachelor,Hyderabad,0,97055,3,3,3,0,1,Medium
412,26,Male,HR,Mid,Bachelor,Pune,7,117697,10,3,2,52,0,High
413,33,Other,Product,Senior,Master,Delhi,3,136239,2,5,5,59,0,Medium
414,46,Other,Customer Support,Senior,PhD,Delhi,8,153106,9,2,1,33,0,High
415,42,Male,Marketing,Senior,PhD,Pune,13,35355,3,3,3,3,1,High
416,44,Female,Finance,Senior,PhD,Bangalore,10,84120,2,2,2,16,0,Low
417,37,Female,Customer Support,Senior,Bachelor,Pune,4,68342,8,3,2,3,1,Low
418,35,Female,Engineering,Lead,Master,Chennai,2,32257,10,5,2,42,0,Low
419,52,Female,Finance,Lead,MBA,Delhi,8,57364,6,4,5,3,1,Medium
420,26,Male,Customer Support,Lead,Bachelor,Hyderabad,10,141715,6,5,5,0,0,Medium
421,44,Other,Finance,Mid,PhD,Chennai,13,56654,10,1,5,70,0,High
422,50,Female,Marketing,Mid,Master,Delhi,13,111423,7,3,4,49,1,Medium
423,32,Male,Engineering,Mid,PhD,Pune,8,59320,7,1,2,72,1,High
424,39,Female,Marketing,Mid,MBA,Chennai,3,50808,6,1,3,60,0,Medium
425,33,Female,Product,Senior,PhD,Delhi,10,82389,4,2,5,34,1,Medium
426,30,Male,Engineering,Senior,PhD,Bangalore,3,148581,9,3,5,7,0,Medium
427,31,Other,Sales,Senior,MBA,Bangalore,11,157927,6,1,2,23,0,Low
428,38,Other,Customer Support,Junior,Master,Hyderabad,7,64773,4,4,5,35,0,Medium
429,28,Male,Engineering,Lead,Bachelor,Delhi,1,106396,3,1,4,49,1,Low
430,34,Other,Product,Mid,Master,Bangalore,8,137692,4,4,4,42,0,Low
431,30,Male,Product,Mid,MBA,Pune,12,87505,3,2,5,26,1,Medium
432,48,Male,Marketing,Senior,PhD,Delhi,13,115896,2,1,2,31,0,High
433,23,Male,Finance,Mid,Master,Pune,5,48135,5,5,2,77,1,High
434,26,Other,Engineering,Mid,Bachelor,Pune,8,120887,2,2,2,17,1,High
435,50,Male,Customer Support,Lead,MBA,Bangalore,7,152118,6,4,1,27,0,Medium
436,40,Female,Engineering,Senior,Master,Delhi,14,77377,3,2,5,28,1,High
437,29,Other,HR,Lead,Bachelor,Chennai,14,92491,6,1,2,15,0,Low
438,22,Other,Finance,Junior,MBA,Bangalore,6,88283,10,3,4,46,0,High
439,43,Other,Customer Support,Junior,Bachelor,Bangalore,12,46923,9,3,3,58,0,Medium
440,38,Other,Customer Support,Junior,MBA,Delhi,13,77591,1,4,3,30,0,High
441,28,Female,Sales,Senior,PhD,Delhi,0,92261,6,4,2,3,0,Low
442,46,Other,Marketing,Mid,Master,Pune,13,84336,9,3,3,36,1,Medium
443,25,Other,Sales,Senior,Bachelor,Delhi,11,104083,4,4,3,16,0,High
444,27,Male,Customer Support,Senior,MBA,Pune,2,90948,2,2,1,38,1,Medium
445,52,Other,Finance,Mid,Bachelor,Bangalore,10,56672,4,5,4,47,1,Medium
446,40,Female,Engineering,Lead,Bachelor,Hyderabad,13,34213,1,5,4,45,0,Medium
447,48,Female,Engineering,Junior,Master,Chennai,1,171365,3,2,1,47,1,High
448,31,Female,Finance,Lead,PhD,Bangalore,4,92507,10,5,1,38,0,Medium
449,47,Female,Customer Support,Junior,Bachelor,Delhi,14,87134,9,1,3,3,1,High
450,40,Other,Product,Senior,MBA,Chennai,4,163172,10,2,5,29,1,Low
451,24,Other,Engineering,Junior,MBA,Hyderabad,4,58172,5,4,3,29,1,High
452,34,Female,Product,Senior,PhD,Hyderabad,3,50132,6,2,1,21,0,Low
453,49,Female,Engineering,Lead,MBA,Pune,4,48199,3,3,4,74,1,High
454,41,Other,Engineering,Senior,PhD,Chennai,2,66609,5,4,3,65,0,Medium
455,49,Female,Marketing,Lead,MBA,Pune,11,169088,8,3,5,11,1,High
456,29,Male,Marketing,Mid,Master,Bangalore,0,61881,6,4,3,35,1,Medium
457,22,Female,HR,Mid,Bachelor,Chennai,4,54472,4,5,2,17,1,Low
458,24,Female,Sales,Mid,Master,Bangalore,12,84131,2,2,3,52,1,High
459,34,Male,Finance,Senior,Bachelor,Pune,8,42828,9,1,1,70,0,Medium
460,49,Male,Finance,Mid,Bachelor,Chennai,12,126664,1,4,4,0,0,Low
461,46,Other,Finance,Junior,Bachelor,Pune,8,162473,1,4,4,57,1,Low
462,54,Other,HR,Lead,Master,Chennai,3,45193,4,3,1,5,1,High
463,27,Male,Marketing,Lead,Bachelor,Pune,2,132518,7,5,2,69,0,Low
464,53,Male,Customer Support,Junior,Master,Hyderabad,0,49611,1,3,1,43,0,Medium
465,42,Other,Product,Senior,PhD,Pune,1,173022,9,3,3,71,0,Low
466,37,Female,Product,Senior,MBA,Hyderabad,7,106240,4,5,1,23,0,Low
467,42,Male,Customer Support,Lead,MBA,Pune,0,32745,3,1,1,18,1,Medium
468,32,Other,HR,Mid,Bachelor,Chennai,7,85243,1,3,2,17,1,Low
469,40,Female,Customer Support,Senior,Master,Chennai,12,33866,10,3,3,29,0,Low
470,41,Male,Finance,Senior,MBA,Chennai,6,158681,4,4,5,41,0,Low
471,39,Female,Sales,Junior,Master,Delhi,14,101354,9,5,5,32,0,Low
472,35,Other,Engineering,Junior,Master,Bangalore,7,81374,10,2,4,73,0,Medium
473,36,Male,Product,Mid,Bachelor,Chennai,11,144397,6,1,1,11,0,Low
474,52,Female,Marketing,Senior,MBA,Hyderabad,5,154577,6,1,4,26,0,Medium
475,22,Male,Marketing,Senior,Bachelor,Chennai,11,111029,1,5,2,38,1,Low
476,24,Female,HR,Junior,Bachelor,Delhi,13,123574,10,4,5,8,1,Low
477,37,Other,Marketing,Senior,MBA,Hyderabad,14,60431,2,4,1,20,1,Low
478,44,Other,Finance,Lead,MBA,Delhi,14,178980,6,5,2,75,0,Low
479,32,Male,Product,Junior,PhD,Hyderabad,8,59336,2,4,2,28,0,Medium
480,33,Female,Customer Support,Mid,PhD,Pune,2,70992,3,1,1,32,0,Medium
481,31,Male,Finance,Junior,Master,Bangalore,9,85350,4,1,2,61,1,Medium
482,53,Male,HR,Senior,MBA,Bangalore,3,99561,5,2,1,14,0,High
483,37,Female,Finance,Mid,PhD,Delhi,12,81955,9,5,1,1,0,Low
484,29,Female,Customer Support,Junior,Master,Bangalore,5,91240,4,3,3,51,1,Low
485,33,Female,Sales,Lead,Master,Delhi,7,167227,9,3,4,43,0,Medium
486,45,Other,HR,Lead,Master,Delhi,4,76607,10,2,2,53,1,High
487,49,Male,Sales,Junior,PhD,Delhi,2,82870,3,2,2,17,1,Low
488,29,Male,Engineering,Lead,MBA,Bangalore,5,94110,8,4,3,2,0,Medium
489,49,Other,Sales,Lead,Bachelor,Delhi,3,146895,1,2,3,6,1,Low
490,47,Female,Engineering,Lead,Master,Bangalore,8,34426,9,2,3,42,0,Low
491,29,Other,Engineering,Mid,PhD,Delhi,12,57606,9,3,5,37,1,Medium
492,49,Other,Sales,Lead,PhD,Chennai,2,58151,10,4,5,36,0,Medium
493,49,Other,HR,Lead,Bachelor,Delhi,3,41308,2,2,5,57,1,Low
494,48,Male,Customer Support,Lead,Bachelor,Hyderabad,6,120306,4,2,1,32,0,Low
495,38,Other,Finance,Mid,PhD,Delhi,6,136984,8,4,2,58,1,Medium
496,30,Male,Finance,Junior,MBA,Pune,11,32204,7,5,4,10,1,Low
497,54,Male,Customer Support,Senior,Bachelor,Delhi,11,122769,1,4,1,67,1,Low
498,41,Male,Product,Lead,PhD,Hyderabad,3,117265,5,3,2,67,0,Medium
499,34,Female,Product,Junior,Bachelor,Hyderabad,5,61131,7,5,2,21,0,Low
500,49,Male,Engineering,Lead,MBA,Bangalore,11,82428,4,1,3,65,1,Low
